universe_id,universe_model,universe_exclude_features,universe_exclude_subgroups,q_hat,coverage,avg_size,cov_frau1,cov_nongerman,cov_nongerman_male,cov_nongerman_female
0f43291b17a5b4460355d5d20bb34cd2,gbm,none,keep-all,0.6685875842072209,0.9125292609519563,1.117668041466949,0.9110661814260682,0.9101779599169146,0.9262361523912456,0.8836065573770492
