,level_0,level_1,level_2,individual importance,total importance,individual std,total std
2,universe_model,,,0.7833423353668357,0.7833423353668357,0.2568364003427359,0.2568364003427359
5,universe_exclude_subgroups,universe_model,,0.053962325491514695,0.8659144389453458,0.06922756065030009,0.20054552535376555
0,universe_exclude_features,,,0.04732490546411639,0.04732490546411639,0.10066834501979031,0.10066834501979031
4,universe_exclude_features,universe_model,,0.03665834951475393,0.867325590345706,0.04794370629941707,0.1535730913572113
1,universe_exclude_subgroups,,,0.028609778086995306,0.028609778086995306,0.03521155764775608,0.03521155764775608
6,universe_exclude_features,universe_exclude_subgroups,universe_model,0.028182578261699603,0.999999999999967,0.041440909428895244,1.1081968227675203e-13
3,universe_exclude_features,universe_exclude_subgroups,,0.021919727814051264,0.09785441136516297,0.045775852104084185,0.16190417655025954
