universe_id,q_hat,coverage,avg_size
630882776e420e2a50ab68c1f76a8700,0.6599999999999999,0.9149258722550441,1.1498495151042247
