universe_id,q_hat,coverage,avg_size
ffcd4f6171bad9a7f64bfbb74787f9df,0.6739806319281745,0.9107791773492364,1.2128525248021402
