universe_id,q_hat,coverage,avg_size
26d2c708e959f2c346ebb7bcb62376f8,0.6873785450835304,0.9065321591795786,1.1333184706275778
