universe_id,q_hat,coverage,avg_size
f4aa7f1a938cc9245663d6b4d0596022,0.6643988046082314,0.9120945268086055,1.1171775721770147
