universe_id,q_hat,coverage,avg_size
8b2c11c19583e4d5b9a213b53e76730c,0.6872980768593168,0.9065098651209452,1.133240441422361
