universe_id,q_hat,coverage,avg_size
d68204b406b3db0bba5ef9dfec05f208,0.6756911709518163,0.9116263515773046,1.1999554118827334
