universe_id,q_hat,coverage,avg_size
d4731eaaaf4b2afab254d28e236bc980,0.6897556201651468,0.9062088953293947,1.1343217032660795
