universe_id,q_hat,coverage,avg_size
8015739cd8f10b3c9f2ea76759557c73,0.6761277050096451,0.9118938802809051,1.2021959647753873
