universe_id,q_hat,coverage,avg_size
1485d41cc20949b2d1406cdcf750dbda,0.6872213111423616,0.9065321591795786,1.1332627354809943
