universe_id,q_hat,coverage,avg_size
b1622a8e1f50f7787d172a6f7cf6c977,0.6625728753302769,0.911080147140787,1.19266525470962
