universe_id,q_hat,coverage,avg_size
418d84cd0641196cf291bbbd3833bfcd,0.68736973554374,0.9065321591795786,1.1333296176568943
