universe_id,q_hat,coverage,avg_size
c0e33c3e2220da8b49cf0ce915df6679,0.673671679915707,0.9121614089845056,1.2037676959090402
