universe_id,q_hat,coverage,avg_size
81ac7889fc07902c57957226865f24e5,0.6599999999999999,0.9157953405417456,1.14912495819864
