universe_id,q_hat,coverage,avg_size
47601ce248a345cf80aa089cf9880cfa,0.65,0.91453572622896,1.1409541857095085
