universe_id,q_hat,coverage,avg_size
338397ae0ea0b5f086116cbd3197dacc,0.65,0.9124846728346896,1.138970014491138
