universe_id,q_hat,coverage,avg_size
e75ce59377fbc92b60669778f4c1fa95,0.6625728753302769,0.911080147140787,1.19266525470962
