universe_id,q_hat,coverage,avg_size
f1db0d7a1518f502c13447817490b26e,0.6649378715308762,0.9118715862222717,1.115494370750195
