universe_id,q_hat,coverage,avg_size
0f43291b17a5b4460355d5d20bb34cd2,0.6685875842072209,0.9125292609519563,1.117668041466949
