universe_id,q_hat,coverage,avg_size
ecc217051ed97339dd01598751d6478c,0.6652254427038058,0.9115148812841378,1.2097425036227845
