universe_id,q_hat,coverage,avg_size
a1534888820cbfa843f49d2b4ef2514e,0.6739806319281745,0.9107791773492364,1.2128525248021402
