universe_id,q_hat,coverage,avg_size
e8eaa36c366e8a0bafd246c24a31869b,0.6652254427038058,0.9115148812841378,1.2097425036227845
