universe_id,q_hat,coverage,avg_size
027bf915af12d3f79f06c5867c0eddfb,0.65,0.9135993757663583,1.1413108906476424
