universe_id,q_hat,coverage,avg_size
ebd6a5f4ac7d0aad41b3828de7e9e29e,0.6643018501218525,0.9118047040463716,1.1166982499163973
