universe_id,q_hat,coverage,avg_size
ece8e37d5f78a0b66773e8fa931dd6da,0.6660850694678735,0.9126518782744398,1.117344777616765
