universe_id,q_hat,coverage,avg_size
477d49ef12fbd6cddc136c12b06b590b,0.6643018501218525,0.9117266748411549,1.1166648088284472
