universe_id,q_hat,coverage,avg_size
87e1eecf7f2d100c4707dece3f2e668c,0.667985062798682,0.9109463827889868,1.20911826998105
