universe_id,q_hat,coverage,avg_size
8965b8a88eed81e49c3d4c63da1705e0,0.6896768131512766,0.9062200423587115,1.1342882621781296
