universe_id,q_hat,coverage,avg_size
ff781731dcdee78c262ffadb63156903,0.6756911709518163,0.9116263515773046,1.1999554118827334
