universe_id,q_hat,coverage,avg_size
test,0.6872911580834083,0.9065098651209452,1.1332292943930442
